{
    "loss": 21.0733642578125,
    "accuracy": 0.5467625856399536
}